,nzeros_p,nzeros_s,nzeros_p_denoised,nzeros_s_denoised,mean_p,mean_p_denoised,mean_s_denoised,std_p,std_s,std_p_denoised,std_s_denoised
0,93,25.704450607299805,81.0,195.0,19.635936737060547,26.31610870361328,25.72553062438965,5.853477478027344,0.4435821771621704,11.893311500549316,0.48601436614990234
